CHROM,POS,REF,ALT,QUAL,DP,AF,GENE,EFFECT,IMPACT
NC_045512.2,186,C,T,225.417,249,,ORF1ab,upstream_gene_variant,MODIFIER
NC_045512.2,241,C,T,225.417,245,,ORF1ab,upstream_gene_variant,MODIFIER
NC_045512.2,3037,C,T,225.422,248,,ORF1ab,synonymous_variant,LOW
NC_045512.2,5512,C,T,225.422,249,,ORF1ab,synonymous_variant,LOW
NC_045512.2,6040,C,T,225.417,245,,ORF1ab,synonymous_variant,LOW
NC_045512.2,7936,G,T,228.403,251,,ORF1ab,synonymous_variant,LOW
NC_045512.2,9643,T,A,225.417,244,,ORF1ab,synonymous_variant,LOW
NC_045512.2,13712,A,G,228.412,247,,ORF1ab,missense_variant,MODERATE
NC_045512.2,14290,G,A,228.429,245,,ORF1ab,missense_variant,MODERATE
NC_045512.2,14408,C,T,225.426,247,,ORF1ab,missense_variant,MODERATE
NC_045512.2,21629,C,A,225.422,247,,S,missense_variant,MODERATE
NC_045512.2,22331,G,A,225.422,250,,S,missense_variant,MODERATE
NC_045512.2,23403,A,G,225.426,249,,S,missense_variant,MODERATE
NC_045512.2,25904,C,T,228.415,246,,ORF3a,missense_variant,MODERATE
NC_045512.2,27297,C,T,225.417,235,,ORF6,synonymous_variant,LOW
NC_045512.2,27299,T,C,225.417,237,,ORF6,missense_variant,MODERATE
NC_045512.2,28881,G,A,225.422,220,,N,missense_variant,MODERATE
NC_045512.2,28882,G,A,225.421,219,,N,synonymous_variant,LOW
NC_045512.2,28883,G,C,225.422,220,,N,missense_variant,MODERATE
NC_045512.2,29148,T,C,228.418,243,,N,missense_variant,MODERATE
